<?xml version="1.0" encoding="UTF-8"?>
<project-private xmlns="http://www.netbeans.org/ns/project-private/1">
    <editor-bookmarks xmlns="http://www.netbeans.org/ns/editor-bookmarks/2" lastBookmarkId="0"/>
    <open-files xmlns="http://www.netbeans.org/ns/projectui-open-files/2">
        <group>
            <file>file:/C:/Users/Seanan/Desktop/Uni%20Work/coe528/Project/Ecommerce/src/coe528/Project/Categories.java</file>
            <file>file:/C:/Users/Seanan/Desktop/Uni%20Work/coe528/Project/Ecommerce/src/coe528/Project/Ecommerce.java</file>
            <file>file:/C:/Users/Seanan/Desktop/Uni%20Work/coe528/Project/Ecommerce/src/coe528/Project/facade.java</file>
            <file>file:/C:/Users/Seanan/Desktop/Uni%20Work/coe528/Project/Ecommerce/src/coe528/Project/manager.java</file>
            <file>file:/C:/Users/Seanan/Desktop/Uni%20Work/coe528/Project/Ecommerce/src/coe528/Project/registered_customer.java</file>
            <file>file:/C:/Users/Seanan/Desktop/Uni%20Work/coe528/Project/Ecommerce/src/coe528/Project/Sports.java</file>
            <file>file:/C:/Users/Seanan/Desktop/Uni%20Work/coe528/Project/Ecommerce/src/coe528/Project/Electronics.java</file>
            <file>file:/C:/Users/Seanan/Desktop/Uni%20Work/coe528/Project/Ecommerce/src/coe528/Project/login.java</file>
            <file>file:/C:/Users/Seanan/Desktop/Uni%20Work/coe528/Project/Ecommerce/src/coe528/Project/customer.java</file>
            <file>file:/C:/Users/Seanan/Desktop/Uni%20Work/coe528/Project/Ecommerce/src/coe528/Project/Clothing.java</file>
        </group>
    </open-files>
</project-private>
